{
    "categories": [
      {
        "id": 1,
        "name": "Connectivity",
        "subcategories": [
          {
            "id": 1,
            "name": "Internet Connection",
            "questions": [
              "Provider is good",
              "Service is reliable",
              "Speed is sufficient",
              "Actual speed is in range of subscribed speed"
            ]
          },
          {
            "id": 2,
            "name": "DNS Management",
            "questions": [
              "Domains are owned by the business",
              "Credentials to make DNS changes are readily available",
              "DNS records are well organized",
              "SPF, DMARC, and DKIM records are functional"
            ]
          },
          {
            "id": 3,
            "name": "Wireless Network",
            "questions": [
              "Wireless network is independent from ISP",
              "Wireless network is mesh",
              "Wireless network is newer than 2 years",
              "Wireless network is Meraki"
            ]
          },
          {
            "id": 4,
            "name": "Wired Network",
            "questions": [
              "Cabling is modern",
              "Cabling is high quality",
              "Cabling is sufficient"
            ]
          },
          {
            "id": 5,
            "name": "Remote Access",
            "questions": [
              "Remote access is restricted",
              "VPN is set up, required, and functional"
            ]
          }
        ]
      },
      {
        "id": 2,
        "name": "Facilities",
        "subcategories": [
          {
            "id": 1,
            "name": "Electrical",
            "questions": [
              "Electrical is modern",
              "Lights do not flicker when printers and other appliances are used",
              "Heavy load devices are on dedicated outlets",
              "Ground present tested successfully",
              "Network is on functional UPS",
              "Servers are on functional UPS",
              "Desktops are on functional UPS",
              "Other critical devices are on functional UPS"
            ]
          },
          {
            "id": 2,
            "name": "Environmental",
            "questions": [
              "The facility is dust-free",
              "Network closet cooled adequately",
              "Servers cooled adequately"
            ]
          }
        ]
      },
      {
        "id": 3,
        "name": "Devices",
        "subcategories": [
          {
            "id": 1,
            "name": "Overall Age",
            "questions": [
              "Devices are mostly newer than 2 years"
            ]
          },
          {
            "id": 2,
            "name": "Overall Condition",
            "questions": [
              "Devices are properly cared for"
            ]
          },
          {
            "id": 3,
            "name": "Overall Quality",
            "questions": [
              "Products and brands in service are higher grade"
            ]
          },
          {
            "id": 4,
            "name": "Installation",
            "questions": [
              "Installation is tidy"
            ]
          }
        ]
      },
      {
        "id": 4,
        "name": "Servers",
        "subcategories": [
          {
            "id": 1,
            "name": "Quality",
            "questions": [
              "There are no on-premise servers"
            ]
          },
          {
            "id": 2,
            "name": "Plan",
            "questions": [
              "All on-premise servers are being deprecated"
            ]
          },
          {
            "id": 3,
            "name": "Overall Age",
            "questions": [
              "Servers are mostly newer than 2 years"
            ]
          },
          {
            "id": 4,
            "name": "Overall Condition",
            "questions": [
              "Servers are cared for properly"
            ]
          },
          {
            "id": 5,
            "name": "Overall Quality",
            "questions": [
              "Products and brands in service are higher grade"
            ]
          },
          {
            "id": 6,
            "name": "Installation",
            "questions": [
              "Installation is tidy"
            ]
          }
        ]
      },
      {
        "id": 5,
        "name": "Cloud Services",
        "subcategories": [
          {
            "id": 1,
            "name": "File Sharing",
            "questions": [
              "All files are stored on one cloud platform",
              "File sharing service is Egnyte"
            ]
          },
          {
            "id": 2,
            "name": "Business Process Platform",
            "questions": [
              "Single or minimal number of platforms being used",
              "Business process platform is cloud-based",
              "Spreadsheets and PDFs not used for data collection"
            ]
          },
          {
            "id": 3,
            "name": "Accounting Platform",
            "questions": [
              "Single platform being used",
              "Accounting platform is cloud-based",
              "Spreadsheets and PDFs not used for data collection"
            ]
          },
          {
            "id": 4,
            "name": "Email Hosting",
            "questions": [
              "Email is hosted on M365",
              "Email advanced security is in place"
            ]
          }
        ]
      },
      {
        "id": 6,
        "name": "Peripherals",
        "subcategories": [
          {
            "id": 1,
            "name": "Overall Age",
            "questions": [
              "Devices are mostly newer than 2 years"
            ]
          },
          {
            "id": 2,
            "name": "Overall Condition",
            "questions": [
              "Devices are properly cared for"
            ]
          },
          {
            "id": 3,
            "name": "Overall Quality",
            "questions": [
              "Products and brands in service are higher grade"
            ]
          },
          {
            "id": 4,
            "name": "Installation",
            "questions": [
              "Installation is tidy"
            ]
          }
        ]
      },
      {
        "id": 7,
        "name": "Phones",
        "subcategories": [
          {
            "id": 1,
            "name": "Condition",
            "questions": [
              "System is cloud-based",
              "Devices are mostly newer than 2 years",
              "Devices are properly cared for",
              "Products and brands in service are higher grade",
              "Installation is tidy"
            ]
          },
          {
            "id": 2,
            "name": "Capabilities",
            "questions": [
              "System has multi-location support",
              "System has auto attendant",
              "System has voicemail to email",
              "System has transcription of calls",
              "System supports apps and desk phones"
            ]
          },
          {
            "id": 3,
            "name": "Usability",
            "questions": [
              "Features are sufficient for business",
              "Capacity is sufficient for business",
              "System is reliable"
            ]
          }
        ]
      },
      {
        "id": 8,
        "name": "Surveillance",
        "subcategories": [
          {
            "id": 1,
            "name": "Condition",
            "questions": [
              "System is cloud-based",
              "Devices are mostly newer than 2 years",
              "Devices are properly cared for",
              "Products and brands in service are higher grade",
              "Installation is tidy"
            ]
          },
          {
            "id": 2,
            "name": "Capabilities",
            "questions": [
              "System has multi-location support",
              "System requires no firewall holes",
              "System has remote access",
              "System has remote monitoring",
              "System has on-premise and cloud recording"
            ]
          },
          {
            "id": 3,
            "name": "Usability",
            "questions": [
              "Features are sufficient for business",
              "Capacity is sufficient for business",
              "System is reliable"
            ]
          }
        ]
      },
      {
        "id": 9,
        "name": "Security",
        "subcategories": [
          {
            "id": 1,
            "name": "Internet",
            "questions": [
              "Firewall is managed effectively",
              "Firewall is maintained",
              "DNS filtering is in place",
              "Email filtering is in place"
            ]
          },
          {
            "id": 2,
            "name": "Devices",
            "questions": [
              "Device security is managed",
              "Users are non-admins",
              "Device firewall is enabled",
              "Device encryption is enabled",
              "Strong user passwords are used"
            ]
          },
          {
            "id": 3,
            "name": "Data Management",
            "questions": [
              "All data is stored on trusted cloud providers",
              "All devices are backed up to cloud",
              "Server data is backed up to cloud",
              "Cloud data is backed up on-premise",
              "Backups are encrypted",
              "2FA enabled for all cloud services"
            ]
          },
          {
            "id": 4,
            "name": "Facilities",
            "questions": [
              "Network area is physically secure",
              "On-premise data is secured"
            ]
          }
        ]
      }
    ]
  }
  